DATE,USD3MTD156N
2012-09-10,0.40425
2012-09-11,0.39875
2012-09-12,0.39425
2012-09-13,0.38875
2012-09-14,0.38525
2012-09-17,0.38075
2012-09-18,0.37875
2012-09-19,0.37575
2012-09-20,0.37300
2012-09-21,0.36925
2012-09-24,0.36725
2012-09-25,0.36350
2012-09-26,0.36225
2012-09-27,0.36025
2012-09-28,0.35850
2012-10-01,0.35525
2012-10-02,0.35400
2012-10-03,0.35250
2012-10-04,0.35225
2012-10-05,0.35125
2012-10-08,0.35025
2012-10-09,0.34675
2012-10-10,0.34275
2012-10-11,0.34025
2012-10-12,0.33425
2012-10-15,0.33025
2012-10-16,0.32475
2012-10-17,0.32075
2012-10-18,0.31875
2012-10-19,0.31725
2012-10-22,0.31575
2012-10-23,0.31525
2012-10-24,0.31425
2012-10-25,0.31325
2012-10-26,0.31325
2012-10-29,0.31275
2012-10-30,0.31275
2012-10-31,0.31275
2012-11-01,0.31275
2012-11-02,0.31275
2012-11-05,0.31175
2012-11-06,0.31175
2012-11-07,0.31000
2012-11-08,0.31000
2012-11-09,0.31000
2012-11-12,0.31000
2012-11-13,0.31000
2012-11-14,0.31000
2012-11-15,0.31100
2012-11-16,0.31150
2012-11-19,0.31150
2012-11-20,0.31050
2012-11-21,0.31150
2012-11-22,0.31150
2012-11-23,0.31150
2012-11-26,0.31150
2012-11-27,0.31150
2012-11-28,0.31050
2012-11-29,0.31050
2012-11-30,0.31050
2012-12-03,0.31050
2012-12-04,0.31050
2012-12-05,0.31050
2012-12-06,0.31050
2012-12-07,0.30950
2012-12-10,0.31050
2012-12-11,0.30950
2012-12-12,0.30950
2012-12-13,0.30800
2012-12-14,0.30800
2012-12-17,0.30900
2012-12-18,0.30900
2012-12-19,0.31000
2012-12-20,0.31000
2012-12-21,0.31000
2012-12-24,0.31000
2012-12-25,.
2012-12-26,.
2012-12-27,0.31100
2012-12-28,0.30800
2012-12-31,0.30600
2013-01-01,.
2013-01-02,0.30500
2013-01-03,0.30500
2013-01-04,0.30500
2013-01-07,0.30500
2013-01-08,0.30500
2013-01-09,0.30500
2013-01-10,0.30500
2013-01-11,0.30400
2013-01-14,0.30400
2013-01-15,0.30300
2013-01-16,0.30300
2013-01-17,0.30200
2013-01-18,0.30200
2013-01-21,0.30200
2013-01-22,0.30200
2013-01-23,0.30100
2013-01-24,0.30050
2013-01-25,0.30050
2013-01-28,0.30150
2013-01-29,0.30050
2013-01-30,0.29850
2013-01-31,0.29800
2013-02-01,0.29550
2013-02-04,0.29550
2013-02-05,0.29550
2013-02-06,0.29300
2013-02-07,0.29200
2013-02-08,0.29200
2013-02-11,0.29310
2013-02-12,0.29210
2013-02-13,0.29010
2013-02-14,0.29010
2013-02-15,0.29010
2013-02-18,0.28910
2013-02-19,0.28910
2013-02-20,0.28910
2013-02-21,0.28810
2013-02-22,0.28810
2013-02-25,0.28660
2013-02-26,0.28660
2013-02-27,0.28710
2013-02-28,0.28710
2013-03-01,0.28410
2013-03-04,0.28310
2013-03-05,0.28110
2013-03-06,0.27960
2013-03-07,0.28060
2013-03-08,0.28010
2013-03-11,0.28010
2013-03-12,0.28110
2013-03-13,0.28010
2013-03-14,0.28010
2013-03-15,0.28010
2013-03-18,0.28010
2013-03-19,0.28210
2013-03-20,0.28410
2013-03-21,0.28410
2013-03-22,0.28460
2013-03-25,0.28310
2013-03-26,0.28360
2013-03-27,0.28360
2013-03-28,0.28260
2013-03-29,.
2013-04-01,.
2013-04-02,0.28210
2013-04-03,0.28110
2013-04-04,0.28040
2013-04-05,0.27940
2013-04-08,0.27940
2013-04-09,0.27810
2013-04-10,0.27710
2013-04-11,0.27710
2013-04-12,0.27760
2013-04-15,0.27760
2013-04-16,0.27710
2013-04-17,0.27610
2013-04-18,0.27610
2013-04-19,0.27610
2013-04-22,0.27510
2013-04-23,0.27560
2013-04-24,0.27560
2013-04-25,0.27560
2013-04-26,0.27560
2013-04-29,0.27410
2013-04-30,0.27310
2013-05-01,0.27310
2013-05-02,0.27310
2013-05-03,0.27510
2013-05-06,.
2013-05-07,0.27510
2013-05-08,0.27510
2013-05-09,0.27510
2013-05-10,0.27510
2013-05-13,0.27510
2013-05-14,0.27410
2013-05-15,0.27410
2013-05-16,0.27410
2013-05-17,0.27360
2013-05-20,0.27310
2013-05-21,0.27410
2013-05-22,0.27375
2013-05-23,0.27275
2013-05-24,0.27275
2013-05-27,.
2013-05-28,0.27275
2013-05-29,0.27575
2013-05-30,0.27465
2013-05-31,0.27525
2013-06-03,0.27325
2013-06-04,0.27395
2013-06-05,0.27445
2013-06-06,0.27425
2013-06-07,0.27515
2013-06-10,0.27415
2013-06-11,0.27225
2013-06-12,0.27325
2013-06-13,0.27325
2013-06-14,0.27275
2013-06-17,0.27325
2013-06-18,0.27225
2013-06-19,0.27175
2013-06-20,0.27255
2013-06-21,0.27275
2013-06-24,0.27675
2013-06-25,0.27610
2013-06-26,0.27560
2013-06-27,0.27400
2013-06-28,0.27310
2013-07-01,0.27310
2013-07-02,0.27290
2013-07-03,0.27390
2013-07-04,0.27090
2013-07-05,0.26990
2013-07-08,0.26860
2013-07-09,0.26910
2013-07-10,0.26910
2013-07-11,0.26810
2013-07-12,0.26760
2013-07-15,0.26760
2013-07-16,0.26620
2013-07-17,0.26620
2013-07-18,0.26620
2013-07-19,0.26470
2013-07-22,0.26470
2013-07-23,0.26590
2013-07-24,0.26430
2013-07-25,0.26380
2013-07-26,0.26500
2013-07-29,0.26600
2013-07-30,0.26500
2013-07-31,0.26560
2013-08-01,0.26560
2013-08-02,0.26660
2013-08-05,0.26540
2013-08-06,0.26640
2013-08-07,0.26640
2013-08-08,0.26470
2013-08-09,0.26470
2013-08-12,0.26470
2013-08-13,0.26420
2013-08-14,0.26320
2013-08-15,0.26320
2013-08-16,0.26410
2013-08-19,0.26310
2013-08-20,0.26210
2013-08-21,0.26210
2013-08-22,0.26210
2013-08-23,0.26210
2013-08-26,.
2013-08-27,0.25940
2013-08-28,0.26050
2013-08-29,0.26120
2013-08-30,0.25950
2013-09-02,0.25950
2013-09-03,0.25950
2013-09-04,0.25900
2013-09-05,0.25810
2013-09-06,0.25640
2013-09-09,0.25590
2013-09-10,0.25590
2013-09-11,0.25440
2013-09-12,0.25440
2013-09-13,0.25390
2013-09-16,0.25185
2013-09-17,0.25195
2013-09-18,0.25245
2013-09-19,0.25020
2013-09-20,0.24960
2013-09-23,0.25060
2013-09-24,0.25020
2013-09-25,0.24760
2013-09-26,0.24810
2013-09-27,0.24835
2013-09-30,0.24885
2013-10-01,0.24585
2013-10-02,0.24435
2013-10-03,0.24285
2013-10-04,0.24285
2013-10-07,0.24335
2013-10-08,0.24360
2013-10-09,0.24560
2013-10-10,0.24310
2013-10-11,0.24360
2013-10-14,0.24580
2013-10-15,0.24355
2013-10-16,0.24605
2013-10-17,0.24205
2013-10-18,0.24055
2013-10-21,0.23860
2013-10-22,0.23835
2013-10-23,0.23835
2013-10-24,0.23810
2013-10-25,0.23685
2013-10-28,0.23585
2013-10-29,0.23745
2013-10-30,0.24190
2013-10-31,0.24200
2013-11-01,0.23775
2013-11-04,0.23810
2013-11-05,0.23770
2013-11-06,0.23865
2013-11-07,0.23890
2013-11-08,0.23940
2013-11-11,0.23925
2013-11-12,0.23925
2013-11-13,0.24060
2013-11-14,0.23845
2013-11-15,0.23810
2013-11-18,0.23735
2013-11-19,0.23910
2013-11-20,0.23810
2013-11-21,0.23760
2013-11-22,0.23660
2013-11-25,0.23585
2013-11-26,0.23660
2013-11-27,0.23760
2013-11-28,0.23910
2013-11-29,0.23910
2013-12-02,0.23885
2013-12-03,0.24130
2013-12-04,0.24185
2013-12-05,0.24160
2013-12-06,0.24085
2013-12-09,0.24260
2013-12-10,0.24185
2013-12-11,0.24385
2013-12-12,0.24285
2013-12-13,0.24385
2013-12-16,0.24285
2013-12-17,0.24435
2013-12-18,0.24510
2013-12-19,0.24585
2013-12-20,0.24835
2013-12-23,0.24585
2013-12-24,0.24685
2013-12-25,.
2013-12-26,.
2013-12-27,0.24660
2013-12-30,0.24660
2013-12-31,0.24610
2014-01-01,.
2014-01-02,0.24285
2014-01-03,0.23985
2014-01-06,0.23935
2014-01-07,0.24210
2014-01-08,0.24040
2014-01-09,0.24165
2014-01-10,0.24165
2014-01-13,0.23890
2014-01-14,0.23675
2014-01-15,0.23785
2014-01-16,0.23635
2014-01-17,0.23660
2014-01-20,0.23710
2014-01-21,0.23660
2014-01-22,0.23710
2014-01-23,0.23860
2014-01-24,0.23535
2014-01-27,0.2361
2014-01-28,0.2361
2014-01-29,0.2356
2014-01-30,0.2376
2014-01-31,0.2366
2014-02-03,0.2356
2014-02-04,0.23645
2014-02-05,0.23635
2014-02-06,0.23685
2014-02-07,0.23385
2014-02-10,0.23385
2014-02-11,0.2366
2014-02-12,0.2361
2014-02-13,0.23585
2014-02-14,0.23585
2014-02-17,0.2351
2014-02-18,0.23455
2014-02-19,0.2336
2014-02-20,0.2356
2014-02-21,0.23485
2014-02-24,0.23435
2014-02-25,0.2336
2014-02-26,0.2333
2014-02-27,0.2361
2014-02-28,0.23565
2014-03-03,0.23565
2014-03-04,0.23535
2014-03-05,0.2344
2014-03-06,0.2351
2014-03-07,0.23565
2014-03-10,0.23435
2014-03-11,0.2333
2014-03-12,0.2341
2014-03-13,0.23335
2014-03-14,0.23485
2014-03-17,0.23445
2014-03-18,0.23485
2014-03-19,0.23385
2014-03-20,0.2336
2014-03-21,0.23285
2014-03-24,0.2351
2014-03-25,0.23435
2014-03-26,0.23335
2014-03-27,0.2336
2014-03-28,0.23335
2014-03-31,0.2306
2014-04-01,0.2281
2014-04-02,0.2301
2014-04-03,0.23035
2014-04-04,0.2296
2014-04-07,0.22935
2014-04-08,0.2273
2014-04-09,0.22755
2014-04-10,0.22705
2014-04-11,0.22645
2014-04-14,0.22865
2014-04-15,0.22635
2014-04-16,0.22785
2014-04-17,0.22585
2014-04-18,.
2014-04-21,.
2014-04-22,0.2286
2014-04-23,0.22875
2014-04-24,0.22785
2014-04-25,0.2266
2014-04-28,0.22485
2014-04-29,0.22535
2014-04-30,0.22335
2014-05-01,0.22285
2014-05-02,0.22285
2014-05-05,.
2014-05-06,0.22485
2014-05-07,0.22395
2014-05-08,0.22335
2014-05-09,0.2241
2014-05-12,0.2251
2014-05-13,0.22385
2014-05-14,0.22535
2014-05-15,0.22585
2014-05-16,0.2286
2014-05-19,0.22695
2014-05-20,0.2281
2014-05-21,0.22735
2014-05-22,0.22715
2014-05-23,0.22935
2014-05-26,.
2014-05-27,0.22985
2014-05-28,0.2276
2014-05-29,0.22735
2014-05-30,0.2274
2014-06-02,0.22715
2014-06-03,0.2274
2014-06-04,0.2295
2014-06-05,0.2306
2014-06-06,0.2296
2014-06-09,0.23055
2014-06-10,0.2303
2014-06-11,0.2298
2014-06-12,0.2306
2014-06-13,0.2321
2014-06-16,0.2306
2014-06-17,0.231
2014-06-18,0.231
2014-06-19,0.2296
2014-06-20,0.2306
2014-06-23,0.2326
2014-06-24,0.2336
2014-06-25,0.23385
2014-06-26,0.2341
2014-06-27,0.2346
2014-06-30,0.2307
2014-07-01,0.2318
2014-07-02,0.2346
2014-07-03,0.2321
2014-07-04,0.2331
2014-07-07,0.2341
2014-07-08,0.2336
2014-07-09,0.2341
2014-07-10,0.2336
2014-07-11,0.2336
2014-07-14,0.2326
2014-07-15,0.2331
2014-07-16,0.2336
2014-07-17,0.2336
2014-07-18,0.2316
2014-07-21,0.2331
2014-07-22,0.2326
2014-07-23,0.2341
2014-07-24,0.2351
2014-07-25,0.2341
2014-07-28,0.2361
2014-07-29,0.2371
2014-07-30,0.2396
2014-07-31,0.2391
2014-08-01,0.2381
2014-08-04,0.2371
2014-08-05,0.2371
2014-08-06,0.2342
2014-08-07,0.2331
2014-08-08,0.2351
2014-08-11,0.2338
2014-08-12,0.2331
2014-08-13,0.2336
2014-08-14,0.2311
2014-08-15,0.2321
2014-08-18,0.2321
2014-08-19,0.2344
2014-08-20,0.2349
2014-08-21,0.2349
2014-08-22,0.2384
2014-08-25,.
2014-08-26,0.2381
2014-08-27,0.2346
2014-08-28,0.2336
2014-08-29,0.2336
2014-09-01,0.2336
2014-09-02,0.2331
2014-09-03,0.2341
2014-09-04,0.2331
2014-09-05,0.2323
2014-09-08,0.2336
2014-09-09,0.2346
2014-09-10,0.2346
2014-09-11,0.2341
2014-09-12,0.2346
2014-09-15,0.2346
2014-09-16,0.2344
2014-09-17,0.2341
2014-09-18,0.2331
2014-09-19,0.2331
2014-09-22,0.2356
2014-09-23,0.2341
2014-09-24,0.2351
2014-09-25,0.2336
2014-09-26,0.2331
2014-09-29,0.2351
2014-09-30,0.2351
2014-10-01,0.2326
2014-10-02,0.2312
2014-10-03,0.2316
2014-10-06,0.2326
2014-10-07,0.2311
2014-10-08,0.2291
2014-10-09,0.2291
2014-10-10,0.23
2014-10-13,0.2306
2014-10-14,0.2291
2014-10-15,0.2281
2014-10-16,0.23075
2014-10-17,0.23135
2014-10-20,0.2321
2014-10-21,0.2306
2014-10-22,0.2328
2014-10-23,0.2336
2014-10-24,0.2331
2014-10-27,0.2326
2014-10-28,0.2326
2014-10-29,0.2326
2014-10-30,0.23235
2014-10-31,0.2321
2014-11-03,0.23235
2014-11-04,0.23185
2014-11-05,0.23185
2014-11-06,0.2316
2014-11-07,0.2326
2014-11-10,0.2331
2014-11-11,0.2332
2014-11-12,0.2332
2014-11-13,0.2321
2014-11-14,0.2321
2014-11-17,0.23185
2014-11-18,0.23185
2014-11-19,0.2311
2014-11-20,0.2329
2014-11-21,0.23285
2014-11-24,0.23435
2014-11-25,0.2356
2014-11-26,0.2356
2014-11-27,0.2336
2014-11-28,0.2336
2014-12-01,0.2346
2014-12-02,0.2346
2014-12-03,0.23485
2014-12-04,0.23535
2014-12-05,0.2356
2014-12-08,0.2376
2014-12-09,0.23885
2014-12-10,0.2399
2014-12-11,0.2406
2014-12-12,0.24285
2014-12-15,0.2426
2014-12-16,0.2426
2014-12-17,0.24535
2014-12-18,0.2471
2014-12-19,0.2521
2014-12-22,0.2551
2014-12-23,0.2546
2014-12-24,0.2566
2014-12-25,.
2014-12-26,.
2014-12-29,0.2551
2014-12-30,0.2552
2014-12-31,0.2556
2015-01-01,.
2015-01-02,0.2556
2015-01-05,0.2536
2015-01-06,0.2511
2015-01-07,0.2521
2015-01-08,0.2521
2015-01-09,0.2541
2015-01-12,0.2528
2015-01-13,0.2533
2015-01-14,0.2536
2015-01-15,0.2526
2015-01-16,0.2566
2015-01-19,0.2562
2015-01-20,0.2567
2015-01-21,0.2571
2015-01-22,0.2561
2015-01-23,0.2561
2015-01-26,0.2561
2015-01-27,0.2526
2015-01-28,0.2546
2015-01-29,0.2546
2015-01-30,0.2531
2015-02-02,0.2521
2015-02-03,0.2551
2015-02-04,0.2551
2015-02-05,0.2561
2015-02-06,0.2556
2015-02-09,0.25835
2015-02-10,0.2581
2015-02-11,0.2581
2015-02-12,0.2581
2015-02-13,0.2571
2015-02-16,0.2562
2015-02-17,0.2567
2015-02-18,0.2606
2015-02-19,0.2615
2015-02-20,0.2626
2015-02-23,0.2616
2015-02-24,0.2611
2015-02-25,0.2609
2015-02-26,0.2616
2015-02-27,0.26185
2015-03-02,0.26095
2015-03-03,0.26515
2015-03-04,0.2636
2015-03-05,0.2636
2015-03-06,0.2646
2015-03-09,0.2666
2015-03-10,0.2677
2015-03-11,0.2699
2015-03-12,0.2706
2015-03-13,0.27065
2015-03-16,0.27015
2015-03-17,0.26935
2015-03-18,0.2703
2015-03-19,0.26455
2015-03-20,0.2668
2015-03-23,0.2668
2015-03-24,0.26935
2015-03-25,0.26855
2015-03-26,0.27305
2015-03-27,0.2754
2015-03-30,0.27415
2015-03-31,0.27075
2015-04-01,0.27075
2015-04-02,0.27375
2015-04-03,.
2015-04-06,.
2015-04-07,0.27375
2015-04-08,0.2712
2015-04-09,0.2759
2015-04-10,0.277
2015-04-13,0.2753
2015-04-14,0.27555
2015-04-15,0.27435
2015-04-16,0.2751
2015-04-17,0.27575
2015-04-20,0.276
2015-04-21,0.27725
2015-04-22,0.2775
2015-04-23,0.277
2015-04-24,0.279
2015-04-27,0.279
2015-04-28,0.27815
2015-04-29,0.27815
2015-04-30,0.27875
2015-05-01,0.27975
2015-05-04,.
2015-05-05,0.2759
2015-05-06,0.276
2015-05-07,0.27885
2015-05-08,0.27985
2015-05-11,0.2766
2015-05-12,0.275
2015-05-13,0.2739
2015-05-14,0.276
2015-05-15,0.2765
2015-05-18,0.276
2015-05-19,0.281
2015-05-20,0.2835
2015-05-21,0.282
2015-05-22,0.2845
2015-05-25,.
2015-05-26,0.28585
2015-05-27,0.2835
2015-05-28,0.28275
2015-05-29,0.28375
2015-06-01,0.2825
2015-06-02,0.2787
2015-06-03,0.2792
2015-06-04,0.2789
2015-06-05,0.2812
2015-06-08,0.2822
2015-06-09,0.2855
2015-06-10,0.28785
2015-06-11,0.28585
2015-06-12,0.28605
2015-06-15,0.28325
2015-06-16,0.28625
2015-06-17,0.2857
2015-06-18,0.2808
2015-06-19,0.2813
2015-06-22,0.28225
2015-06-23,0.28075
2015-06-24,0.28075
2015-06-25,0.282
2015-06-26,0.28175
2015-06-29,0.2837
2015-06-30,0.2832
2015-07-01,0.2836
2015-07-02,0.2835
2015-07-03,0.2843
2015-07-06,0.28425
2015-07-07,0.28325
2015-07-08,0.28345
2015-07-09,0.286
2015-07-10,0.2858
2015-07-13,0.2888
2015-07-14,0.2885
2015-07-15,0.2885
2015-07-16,0.287
2015-07-17,0.29175
2015-07-20,0.295
2015-07-21,0.2941
2015-07-22,0.2925
2015-07-23,0.2951
2015-07-24,0.2936
2015-07-27,0.2941
2015-07-28,0.2968
2015-07-29,0.2968
2015-07-30,0.3001
2015-07-31,0.3086
2015-08-03,0.3037
2015-08-04,0.3011
2015-08-05,0.3109
2015-08-06,0.3114
2015-08-07,0.3116
2015-08-10,0.3142
2015-08-11,0.31435
2015-08-12,0.3093
2015-08-13,0.3205
2015-08-14,0.32445
2015-08-17,0.33285
2015-08-18,0.33285
2015-08-19,0.33335
2015-08-20,0.3291
2015-08-21,0.3291
2015-08-24,0.3316
2015-08-25,0.327
2015-08-26,0.3252
2015-08-27,0.3244
2015-08-28,0.329
2015-08-31,.
2015-09-01,0.334
2015-09-02,0.3325
2015-09-03,0.3335
2015-09-04,0.332
2015-09-07,0.333
2015-09-08,0.332
2015-09-09,0.333
2015-09-10,0.336
2015-09-11,0.3372
2015-09-14,0.3355
2015-09-15,0.33425
2015-09-16,0.3396
2015-09-17,0.3451
2015-09-18,0.3192
2015-09-21,0.326
2015-09-22,0.3265
2015-09-23,0.3255
2015-09-24,0.3264
2015-09-25,0.3261
2015-09-28,0.3266
2015-09-29,0.3255
2015-09-30,0.325
2015-10-01,0.324
2015-10-02,0.3271
2015-10-05,0.3232
2015-10-06,0.318
2015-10-07,0.3186
2015-10-08,0.3196
2015-10-09,0.3206
2015-10-12,0.32075
2015-10-13,0.3205
2015-10-14,0.31705
2015-10-15,0.31515
2015-10-16,0.31715
2015-10-19,0.31665
2015-10-20,0.3204
2015-10-21,0.3164
2015-10-22,0.3199
2015-10-23,0.3229
2015-10-26,0.32315
2015-10-27,0.3239
2015-10-28,0.3219
2015-10-29,0.3289
2015-10-30,0.3341
2015-11-02,0.3341
2015-11-03,0.3336
2015-11-04,0.33660
2015-11-05,0.3439
2015-11-06,0.3414
2015-11-09,0.3556
2015-11-10,0.3561
2015-11-11,0.3591
2015-11-12,0.3616
2015-11-13,0.3636
2015-11-16,0.3641
2015-11-17,0.3671
2015-11-18,0.3696
2015-11-19,0.3776
2015-11-20,0.3821
2015-11-23,0.3932
2015-11-24,0.4023
2015-11-25,0.4067
2015-11-26,0.4117
2015-11-27,0.4142
2015-11-30,0.4162
2015-12-01,0.4222
2015-12-02,0.436
2015-12-03,0.452
2015-12-04,0.462
2015-12-07,0.477
2015-12-08,0.4865
2015-12-09,0.492
2015-12-10,0.502
2015-12-11,0.512
2015-12-14,0.51775
2015-12-15,0.52575
2015-12-16,0.5325
2015-12-17,0.5695
2015-12-18,0.5855
2015-12-21,0.5931
2015-12-22,0.59435
2015-12-23,0.6031
2015-12-24,0.6031
2015-12-25,.
2015-12-28,.
2015-12-29,0.6067
2015-12-30,0.6122
2015-12-31,0.6127
2016-01-01,.
2016-01-04,0.6117
2016-01-05,0.6171
2016-01-06,0.6201
2016-01-07,0.61685
2016-01-08,0.6211
2016-01-11,0.6221
2016-01-12,0.6236
2016-01-13,0.622
2016-01-14,0.6211
2016-01-15,0.6196
2016-01-18,0.6238
2016-01-19,0.6243
2016-01-20,0.6213
2016-01-21,0.6186
2016-01-22,0.6191
2016-01-25,0.6213
2016-01-26,0.6211
2016-01-27,0.6181
2016-01-28,0.6156
2016-01-29,0.6126
2016-02-01,0.6186
2016-02-02,0.6192
2016-02-03,0.6206
2016-02-04,0.6202
2016-02-05,0.6197
2016-02-08,0.621
2016-02-09,0.6205
2016-02-10,0.6176
2016-02-11,0.6172
2016-02-12,0.6182
2016-02-15,0.6182
2016-02-16,0.6182
2016-02-17,0.6194
2016-02-18,0.6182
2016-02-19,0.6182
2016-02-22,0.6246
2016-02-23,0.6291
2016-02-24,0.6346
2016-02-25,0.6356
2016-02-26,0.6351
2016-02-29,0.6331
2016-03-01,0.6316
2016-03-02,0.63485
2016-03-03,0.6356
2016-03-04,0.6335
2016-03-07,0.6361
2016-03-08,0.63515
2016-03-09,0.6346
2016-03-10,0.63235
2016-03-11,0.63385
2016-03-14,0.63955
2016-03-15,0.64195
2016-03-16,0.639
2016-03-17,0.6234
2016-03-18,0.6243
2016-03-21,0.6246
2016-03-22,0.62835
2016-03-23,0.6301
2016-03-24,0.6286
2016-03-25,.
2016-03-28,.
2016-03-29,0.63085
2016-03-30,0.6251
2016-03-31,0.6286
2016-04-01,0.6291
2016-04-04,0.6301
2016-04-05,0.6266
2016-04-06,0.6306
2016-04-07,0.6288
2016-04-08,0.6308
2016-04-11,0.62985
2016-04-12,0.6296
2016-04-13,0.62835
2016-04-14,0.63285
2016-04-15,0.6331
2016-04-18,0.63435
2016-04-19,0.63485
2016-04-20,0.6351
2016-04-21,0.6381
2016-04-22,0.63585
2016-04-25,0.63385
2016-04-26,0.63435
2016-04-27,0.63835
2016-04-28,0.6366
2016-04-29,0.6366
2016-05-02,.
2016-05-03,0.6329
2016-05-04,0.6341
2016-05-05,0.6318
2016-05-06,.
2016-05-09,0.6296
2016-05-10,0.6281
2016-05-11,0.6266
2016-05-12,0.6261
2016-05-13,0.6276
2016-05-16,0.6261
2016-05-17,0.6251
2016-05-18,0.6356
2016-05-19,0.6539
2016-05-20,0.6613
2016-05-23,0.6623
2016-05-24,0.6653
2016-05-25,0.66655
2016-05-26,0.67405
2016-05-27,0.67305
2016-05-30,.
2016-05-31,0.68580
2016-06-01,0.6813
2016-06-02,0.6801
2016-06-03,0.68215
2016-06-06,0.66065
2016-06-07,0.6566
2016-06-08,0.658
2016-06-09,0.65605
2016-06-10,0.6556
2016-06-13,0.6525
2016-06-14,0.6548
2016-06-15,0.65635
2016-06-16,0.6466
2016-06-17,0.6444
2016-06-20,0.6465
2016-06-21,0.64185
2016-06-22,0.6401
2016-06-23,0.6401
2016-06-24,0.6236
2016-06-27,0.6271
2016-06-28,0.6311
2016-06-29,0.6461
2016-06-30,0.6541
2016-07-01,0.65335
2016-07-04,0.65635
2016-07-05,0.6571
2016-07-06,0.6611
2016-07-07,0.6646
2016-07-08,0.6671
2016-07-11,0.6691
2016-07-12,0.67335
2016-07-13,0.6801
2016-07-14,0.6791
2016-07-15,0.68785
2016-07-18,0.6956
2016-07-19,0.6971
2016-07-20,0.7016
2016-07-21,0.7145
2016-07-22,0.721
2016-07-25,0.7335
2016-07-26,0.743
2016-07-27,0.7515
2016-07-28,0.7565
2016-07-29,0.7591
2016-08-01,0.7591
2016-08-02,0.7676
2016-08-03,0.7776
2016-08-04,0.7876
2016-08-05,0.79235
2016-08-08,0.8065
2016-08-09,0.816
2016-08-10,0.8176
2016-08-11,0.817
2016-08-12,0.81825
2016-08-15,0.80411
2016-08-16,0.80128
2016-08-17,0.81128
2016-08-18,0.811
2016-08-19,0.81711
2016-08-22,0.82544
2016-08-23,0.82544
2016-08-24,0.82544
2016-08-25,0.82933
2016-08-26,0.83344
2016-08-29,.
2016-08-30,0.84211
2016-08-31,0.83933
2016-09-01,0.83567
2016-09-02,0.83511
2016-09-05,0.83344
2016-09-06,0.84067
2016-09-07,0.83356
2016-09-08,0.84544
2016-09-09,0.85222
2016-09-12,0.85578
2016-09-13,0.85028
2016-09-14,0.85389
2016-09-15,0.85656
2016-09-16,0.85711
2016-09-19,0.86067
2016-09-20,0.86589
2016-09-21,0.86333
2016-09-22,0.85672
2016-09-23,0.85294
2016-09-26,0.85294
2016-09-27,0.85378
2016-09-28,0.83769
2016-09-29,0.84561
2016-09-30,0.85367
2016-10-03,0.85789
2016-10-04,0.86433
2016-10-05,0.86794
2016-10-06,0.87156
2016-10-07,0.87606
2016-10-10,0.87389
2016-10-11,0.8775
2016-10-12,0.88111
2016-10-13,0.88
2016-10-14,0.88167
2016-10-17,0.87761
2016-10-18,0.88122
2016-10-19,0.88067
2016-10-20,0.88178
2016-10-21,0.88178
2016-10-24,0.88372
2016-10-25,0.88567
2016-10-26,0.89039
2016-10-27,0.88733
2016-10-28,0.88594
2016-10-31,0.88428
2016-11-01,0.88094
2016-11-02,0.87567
2016-11-03,0.88094
2016-11-04,0.88261
2016-11-07,0.88678
2016-11-08,0.88233
2016-11-09,0.8865
2016-11-10,0.90206
2016-11-11,0.90567
2016-11-14,0.91122
2016-11-15,0.90622
2016-11-16,0.90872
2016-11-17,0.91122
2016-11-18,0.91622
2016-11-21,0.91983
2016-11-22,0.92483
2016-11-23,0.93011
2016-11-24,0.93706
2016-11-25,0.93733
2016-11-28,0.93511
2016-11-29,0.93067
2016-11-30,0.93417
2016-12-01,0.94167
2016-12-02,0.94639
2016-12-05,0.94806
2016-12-06,0.95083
2016-12-07,0.95083
2016-12-08,0.95306
2016-12-09,0.9565
2016-12-12,0.95872
2016-12-13,0.96344
2016-12-14,0.97039
2016-12-15,0.99317
2016-12-16,0.99733
2016-12-19,0.99428
2016-12-20,0.99622
2016-12-21,0.99761
2016-12-22,0.99706
2016-12-23,0.99706
2016-12-26,.
2016-12-27,.
2016-12-28,0.99817
2016-12-29,0.99789
2016-12-30,0.99789
2017-01-02,.
2017-01-03,0.99872
2017-01-04,1.00511
2017-01-05,1.00928
2017-01-06,1.01011
2017-01-09,1.01483
2017-01-10,1.01789
2017-01-11,1.02178
2017-01-12,1.02178
2017-01-13,1.02317
2017-01-16,1.02372
2017-01-17,1.02483
2017-01-18,1.03011
2017-01-19,1.04122
2017-01-20,1.04344
2017-01-23,1.03789
2017-01-24,1.03178
2017-01-25,1.03733
2017-01-26,1.039
2017-01-27,1.039
2017-01-30,1.034
2017-01-31,1.03456
2017-02-01,1.03456
2017-02-02,1.03372
2017-02-03,1.034
2017-02-06,1.03844
2017-02-07,1.03817
2017-02-08,1.03372
2017-02-09,1.03372
2017-02-10,1.03622
2017-02-13,1.039
2017-02-14,1.03733
2017-02-15,1.04178
2017-02-16,1.0565
2017-02-17,1.05233
2017-02-20,1.05011
2017-02-21,1.05344
2017-02-22,1.054
2017-02-23,1.05233
2017-02-24,1.054
2017-02-27,1.05456
2017-02-28,1.064
2017-03-01,1.09278
2017-03-02,1.1
2017-03-03,1.10167
2017-03-06,1.10622
2017-03-07,1.10622
2017-03-08,1.109
2017-03-09,1.11956
2017-03-10,1.12122
2017-03-13,1.13122
2017-03-14,1.13733
2017-03-15,1.14817
2017-03-16,1.15178
2017-03-17,1.15178
2017-03-20,1.15622
2017-03-21,1.15622
2017-03-22,1.15678
2017-03-23,1.15289
2017-03-24,1.15128
2017-03-27,1.15189
2017-03-28,1.15222
2017-03-29,1.14678
2017-03-30,1.14761
2017-03-31,1.14956
2017-04-03,1.14983
2017-04-04,1.14983
2017-04-05,1.15039
2017-04-06,1.15539
2017-04-07,1.15761
2017-04-10,.
2017-04-11,1.15511
2017-04-12,1.15844
2017-04-13,1.15844
2017-04-14,.
2017-04-17,.
2017-04-18,1.15622
2017-04-19,1.15567
2017-04-20,1.15317
2017-04-21,1.15622
2017-04-24,1.1665
2017-04-25,1.17039
2017-04-26,1.17178
2017-04-27,1.16956
2017-04-28,1.17233
2017-05-01,.
2017-05-02,1.17372
2017-05-03,1.17122
2017-05-04,1.17928
2017-05-05,1.18039
2017-05-08,1.18456
2017-05-09,1.182
2017-05-10,1.18094
2017-05-11,1.18178
2017-05-12,1.17956
2017-05-15,1.17944
2017-05-16,1.18117
2017-05-17,1.17839
2017-05-18,1.17172
2017-05-19,1.18644
2017-05-22,1.192
2017-05-23,1.18867
2017-05-24,1.19761
2017-05-25,1.20039
2017-05-26,1.20178
2017-05-29,.
2017-05-30,1.20178
2017-05-31,1.21
2017-06-01,1.21806
2017-06-02,1.2225
2017-06-05,1.21956
2017-06-06,1.219
2017-06-07,1.221
2017-06-08,1.22811
2017-06-09,1.23644
2017-06-12,1.24167
2017-06-13,1.24556
2017-06-14,1.25033
2017-06-15,1.26744
2017-06-16,1.27356
2017-06-19,1.28022
2017-06-20,1.28722
2017-06-21,1.28944
2017-06-22,1.29556
2017-06-23,1.29328
2017-06-26,1.29483
2017-06-27,1.29506
2017-06-28,1.29639
2017-06-29,1.29861
2017-06-30,1.29917
2017-07-03,1.30072
2017-07-04,1.30211
2017-07-05,1.303
2017-07-06,1.30411
2017-07-07,1.30522
2017-07-10,1.30411
2017-07-11,1.3035
2017-07-12,1.30389
2017-07-13,1.30361
2017-07-14,1.30361
2017-07-17,1.30611
2017-07-18,1.30694
2017-07-19,1.30722
2017-07-20,1.3125
2017-07-21,1.31444
2017-07-24,1.31389
2017-07-25,1.31667
2017-07-26,1.31389
2017-07-27,1.31111
2017-07-28,1.31056
2017-07-31,1.31056
2017-08-01,1.31056
2017-08-02,1.31278
2017-08-03,1.31167
2017-08-04,1.31194
2017-08-07,1.31139
2017-08-08,1.30944
2017-08-09,1.30917
2017-08-10,1.30911
2017-08-11,1.315
2017-08-14,1.31417
2017-08-15,1.31417
2017-08-16,1.31667
2017-08-17,1.31639
2017-08-18,1.31472
2017-08-21,1.31444
2017-08-22,1.31722
2017-08-23,1.31722
2017-08-24,1.31722
2017-08-25,1.31778
2017-08-28,.
2017-08-29,1.31694
2017-08-30,1.31611
2017-08-31,1.31778
2017-09-01,1.31611
2017-09-04,1.31611
2017-09-05,1.31722
2017-09-06,1.31722
2017-09-07,1.31722
2017-09-08,1.31033
